City_ID,City,Lat,Lng,Max Temp,Humidity,Cloudiness,Wind Speed,Country,Date
0,hermanus,-34.4187,19.2345,21.56,88,6,5.02,ZA,1706754660
1,tralee,52.2704,-9.7026,4.81,85,100,0.74,IE,1706755249
2,whitehorse,60.7161,-135.0538,-9.57,67,75,3.6,CA,1706754438
3,forster,-32.1667,152.5167,28.49,66,46,4.04,AU,1706755250
4,preobrazheniye,42.9019,133.9064,-12.47,44,1,3.69,RU,1706755250
5,aasiaat,68.7098,-52.8699,-25.87,98,87,5.11,GL,1706755251
6,calabugao,8.4564,125.1589,20.17,99,100,0.05,PH,1706755251
7,east london,-33.0153,27.9116,22.82,87,35,6.12,ZA,1706754524
8,rundu,-17.9333,19.7667,18.99,85,98,1.98,NA,1706755252
9,new norfolk,-42.7826,147.0587,24.72,48,96,6.83,AU,1706755252
10,zhaozhou,45.6833,125.3167,-17.32,70,1,3.58,CN,1706755253
11,grytviken,-54.2811,-36.5092,5.02,63,84,4.17,GS,1706755253
12,adamstown,-25.066,-130.1015,24.95,80,9,6.29,PN,1706755254
13,albany,42.6001,-73.9662,1.48,85,100,0.84,US,1706755254
14,nova xavantina,-14.6667,-52.35,24.43,80,14,0.67,BR,1706755255
15,ad dilam,23.9915,47.1627,15.23,76,0,2.8,SA,1706755255
16,bilibino,68.0546,166.4372,-39.82,98,30,1.71,RU,1706754673
17,bakanas,44.8081,76.2772,-3.89,88,100,1.54,KZ,1706755256
18,san patricio,28.017,-97.5169,16.92,77,100,2.85,US,1706755257
19,isafjordur,66.0755,-23.124,-5.65,76,93,6.32,IS,1706755257
20,st. john's,47.5649,-52.7093,-7.34,85,0,7.2,CA,1706755184
21,taylorville,39.5489,-89.2945,4.32,87,0,3.09,US,1706755217
22,west island,-12.1568,96.8225,29.99,74,75,3.09,CC,1706755258
23,baturaja,-4.1333,104.1667,26.09,85,100,1.49,ID,1706755259
24,jamestown,42.097,-79.2353,2.23,95,100,3.09,US,1706754973
25,princeville,45.7668,-61.2985,-8.18,88,0,3.6,CA,1706755260
26,port-aux-francais,-49.35,70.2167,5.08,84,97,5.37,TF,1706755260
27,las cruces,32.3123,-106.7783,16.42,46,40,3.6,US,1706755078
28,vanimo,-2.6741,141.3028,29.54,74,99,4.83,PG,1706755261
29,ushuaia,-54.8,-68.3,8.81,76,0,5.14,AR,1706755262
30,haiku-pauwela,20.9219,-156.3051,28.01,59,20,4.12,US,1706755262
31,weitramsdorf,50.25,10.8833,6.86,84,100,0.89,DE,1706755263
32,stanley,54.868,-1.6985,4.18,85,20,7.2,GB,1706755263
33,kirensk,57.7853,108.1119,-25.16,94,100,0.86,RU,1706755264
34,tiksi,71.6872,128.8694,-21.82,97,36,3.12,RU,1706755264
35,waitangi,-43.9535,-176.5597,18.79,98,100,0.89,NZ,1706755265
36,saipan,15.1355,145.701,29.39,54,20,9.26,MP,1706755266
37,cuyo,10.8525,121.0086,25.67,84,86,8.94,PH,1706755266
38,masterton,-40.9597,175.6575,22.28,45,81,1.83,NZ,1706755267
39,port mathurin,-19.6833,63.4167,27.6,82,57,11.84,MU,1706754684
40,vernon,50.2581,-119.2691,7.39,96,100,0.51,CA,1706754533
41,petropavlovsk-kamchatsky,53.0452,158.6483,-13.64,62,40,2.68,RU,1706755268
42,jekabpils,56.499,25.8573,-0.07,88,100,6.11,LV,1706755269
43,punta arenas,-53.15,-70.9167,10.06,71,0,3.09,CL,1706754764
44,san juan de miraflores,-12.1629,-76.9635,26.76,70,99,3.13,PE,1706755270
45,hawaiian paradise park,19.5933,-154.9731,26.13,76,75,2.06,US,1706755271
46,naliya,23.2667,68.8333,20.94,88,8,2.99,IN,1706755271
47,bethel,41.3712,-73.414,2.05,80,100,0.45,US,1706755049
48,invercargill,-46.4,168.35,15.57,67,100,1.79,NZ,1706754698
49,broken hill,-31.95,141.4333,29.48,22,0,6.89,AU,1706755274
50,ust-nera,64.5667,143.2,-24.12,100,100,1.93,RU,1706754689
51,bengkulu,-3.8004,102.2655,26.83,80,100,0.75,ID,1706754678
52,ola,59.5833,151.2833,-17.7,81,81,3.13,RU,1706755275
53,meadow lakes,61.6247,-149.6011,-20.08,75,0,0.0,US,1706755276
54,blackmans bay,-43.0167,147.3167,24.07,48,93,4.47,AU,1706755276
55,margaret river,-33.95,115.0667,28.47,50,0,2.52,AU,1706755277
56,bikenibeu village,1.3673,173.1241,30.98,84,75,3.6,KI,1706755277
57,launceston,-41.45,147.1667,25.8,41,40,9.77,AU,1706755123
58,yellowknife,62.456,-114.3525,-10.71,92,75,4.12,CA,1706755271
59,luwuk,-0.9516,122.7875,30.89,66,99,1.48,ID,1706755279
60,longyearbyen,78.2186,15.6401,-10.09,79,75,3.6,SJ,1706755279
61,geraldton,-28.7667,114.6,43.23,11,0,8.75,AU,1706754861
62,nyeri,-0.4201,36.9476,12.42,85,100,0.8,KE,1706755280
63,namie,37.4833,141.0,11.66,48,52,6.7,JP,1706755281
64,la passe,45.5549,-0.8967,8.88,86,100,1.25,FR,1706755282
65,semey,50.4111,80.2275,-9.88,79,0,3.0,KZ,1706755282
66,santiago,-33.4569,-70.6483,29.08,30,0,3.6,CL,1706754891
67,la'ie,21.6477,-157.9253,27.98,65,49,0.89,US,1706754762
68,port elizabeth,-33.918,25.5701,21.84,88,100,10.8,ZA,1706755284
69,puerto natales,-51.7236,-72.4875,8.24,85,99,1.14,CL,1706755284
70,afif,23.9065,42.9172,10.42,46,0,4.29,SA,1706755285
71,carnarvon,-24.8667,113.6333,33.15,48,17,2.74,AU,1706755044
72,mount isa,-20.7333,139.5,31.87,58,100,5.66,AU,1706755287
73,remire-montjoly,4.9167,-52.2667,27.02,78,40,3.09,GF,1706755287
74,nova vicosa,-17.8919,-39.3719,25.04,88,78,3.35,BR,1706754820
75,uray,60.1247,64.7758,-16.18,100,92,1.79,RU,1706755212
76,pointe-noire,-4.7761,11.8635,24.04,94,20,1.03,CG,1706755289
77,sao luiz gonzaga,-28.4083,-54.9608,19.29,67,0,3.07,BR,1706755290
78,bredasdorp,-34.5322,20.0403,20.36,84,20,3.3,ZA,1706755290
79,strezhevoy,60.7333,77.5889,-16.83,96,100,3.1,RU,1706755291
80,ilulissat,69.2167,-51.1,-19.99,71,40,2.57,GL,1706755291
81,portland,45.5234,-122.6762,12.05,86,75,5.14,US,1706754844
82,afaahiti,-17.75,-149.2833,28.92,80,29,6.76,PF,1706754845
83,yaren,-0.5472,166.916,28.59,73,100,1.98,NR,1706755293
84,iqaluit,63.7506,-68.5145,-35.15,61,0,4.63,CA,1706755293
85,kudahuvadhoo,2.6708,72.8944,27.42,74,16,3.65,MV,1706755294
86,mil'kovo,55.6078,37.7956,0.33,96,100,3.54,RU,1706755294
87,viedma,-40.8135,-62.9967,20.68,64,17,3.86,AR,1706755177
88,staryye ozinki,51.1786,49.6769,-6.63,91,100,3.0,RU,1706755295
89,qaqortoq,60.7167,-46.0333,-0.81,98,100,7.01,GL,1706755296
90,atafu village,-8.5421,-172.5159,29.2,71,59,3.65,TK,1706755296
91,edinburgh of the seven seas,-37.0676,-12.3116,17.62,78,98,5.3,SH,1706755297
92,constantia,44.1833,28.65,-3.62,66,9,2.91,RO,1706754788
93,la union,-5.4,-80.75,27.12,65,99,5.4,PE,1706755298
94,kolokani,13.5728,-8.0339,22.06,17,97,5.31,ML,1706755298
95,nagqu,31.5,92.0,-6.19,16,100,9.48,CN,1706755299
96,antonina,-25.4286,-48.7119,24.82,98,99,0.28,BR,1706755299
97,college,64.8569,-147.8028,-32.53,59,0,0.0,US,1706755300
98,lagoa da prata,-20.0225,-45.5436,20.06,86,100,1.58,BR,1706755300
99,prado,-17.3411,-39.2208,24.45,92,94,2.96,BR,1706755301
100,puerto cabezas,14.0351,-83.3888,22.08,78,23,4.68,NI,1706755301
101,badger,64.8,-147.5333,-32.58,66,20,0.0,US,1706755302
102,weno,7.4515,151.8468,27.97,78,100,4.63,FM,1706755302
103,palangkaraya,-2.2,113.8333,31.35,61,99,1.0,ID,1706755303
104,puerto baquerizo moreno,-0.9,-89.6,25.6,83,98,5.07,EC,1706755303
105,pyapon,16.2833,95.6833,27.06,34,2,2.62,MM,1706755304
106,vorgashor,67.5833,63.95,-9.88,95,100,7.2,RU,1706755305
107,kalur kot,32.1564,71.2594,10.15,87,12,4.22,PK,1706755306
108,holualoa,19.6228,-155.9522,25.99,78,40,4.12,US,1706754801
109,saldanha,-33.0117,17.9442,17.03,94,5,5.17,ZA,1706754732
110,villa canas,-34.0057,-61.6076,24.41,83,0,3.94,AR,1706755307
111,nova sintra,14.8667,-24.7167,21.12,64,0,4.61,CV,1706755308
112,newman,37.3138,-121.0208,15.99,76,100,5.36,US,1706755308
113,ghanzi,-21.5667,21.7833,22.83,57,100,7.03,BW,1706755308
114,uturoa,-16.7333,-151.4333,28.5,77,83,5.47,PF,1706755309
115,shats'k,51.5021,23.9381,1.48,86,85,4.85,UA,1706755309
116,misliyah,17.4599,42.5572,23.68,70,82,1.91,SA,1706755310
117,elverum,60.8819,11.5623,0.28,66,5,7.39,NO,1706755310
118,baoding,38.8511,115.4903,-1.99,45,100,2.65,CN,1706755288
119,opuwo,-18.0607,13.84,24.9,39,100,1.39,NA,1706755311
120,lebu,-37.6167,-73.65,15.14,91,27,4.48,CL,1706754765
121,vilyuchinsk,52.9306,158.4028,-12.82,60,28,1.12,RU,1706755312
122,mandalgovi,45.7625,106.2708,-17.91,83,100,4.39,MN,1706755313
123,praia,14.9215,-23.5087,22.3,73,0,6.17,CV,1706755313
124,alfredo baquerizo moreno,-1.9167,-79.5167,26.99,97,100,1.36,EC,1706755314
125,yamada,39.4667,141.95,5.18,43,2,4.88,JP,1706755314
126,chibougamau,49.9168,-74.3659,-2.21,100,100,3.6,CA,1706755315
127,flying fish cove,-10.4217,105.6791,28.82,74,40,3.09,CX,1706755315
128,robore,-18.3333,-59.75,26.68,65,62,0.85,BO,1706755316
129,shingu,33.7333,135.9833,15.73,67,71,0.79,JP,1706755316
130,salekhard,66.53,66.6019,-18.46,97,100,4.02,RU,1706755317
131,sahagun,8.9462,-75.4427,25.86,79,97,3.9,CO,1706755317
132,kavaratti,10.5669,72.642,27.4,72,90,5.5,IN,1706755318
133,iquique,-20.2208,-70.1431,23.02,78,39,1.13,CL,1706755314
134,axim,4.8699,-2.2405,26.18,89,99,1.88,GH,1706755319
135,amga,60.8953,131.9608,-28.08,92,98,1.41,RU,1706755319
136,talnakh,69.4865,88.3972,-21.74,73,64,4.38,RU,1706755320
137,poronaysk,49.2167,143.1167,-15.6,78,24,7.06,RU,1706755320
138,pisco,-13.7,-76.2167,24.03,73,75,6.69,PE,1706755321
139,chonchi,-42.6128,-73.8092,17.84,98,20,1.38,CL,1706755322
140,denia,38.8408,0.1057,11.58,88,3,0.45,ES,1706755322
141,antsiranana,-12.2787,49.2917,24.38,90,100,1.33,MG,1706755323
142,kapa'a,22.0752,-159.319,26.18,64,100,2.06,US,1706755323
143,vila franca do campo,37.7167,-25.4333,18.27,99,43,3.52,PT,1706755324
144,mana,5.6592,-53.7767,25.87,73,92,4.95,GF,1706755324
145,puerto ayora,-0.7393,-90.3518,25.56,82,98,3.8,EC,1706755325
146,laurel,39.0993,-76.8483,4.8,89,0,2.06,US,1706755325
147,thompson,55.7435,-97.8558,-16.91,85,75,0.0,CA,1706755326
148,north bend,43.4065,-124.2243,11.59,87,100,5.14,US,1706755286
149,yuanlin,30.4151,112.8859,2.9,87,100,6.76,CN,1706755327
150,tokar,18.4254,37.729,21.97,69,100,4.9,SD,1706755327
151,teknaf,20.8624,92.3058,22.16,41,0,0.96,BD,1706755328
152,develi,38.3906,35.4922,-7.36,82,71,1.0,TR,1706755328
153,turiacu,-1.6633,-45.3717,24.92,96,98,1.74,BR,1706755329
154,olonkinbyen,70.9221,-8.7187,-6.5,64,100,12.14,SJ,1706755329
155,utrik,11.2278,169.8474,26.08,86,100,9.95,MH,1706755330
156,kingston,17.997,-76.7936,25.53,82,40,7.72,JM,1706755318
157,abepura,-2.6333,140.5833,31.45,66,20,2.06,ID,1706755331
158,cartagena del chaira,1.3349,-74.8429,26.48,64,75,0.81,CO,1706755332
159,las heras,-46.5419,-68.9359,18.58,43,33,9.65,AR,1706755332
160,sao jose da coroa grande,-8.8978,-35.1478,25.49,85,37,1.37,BR,1706755333
161,cabo san lucas,22.8909,-109.9124,24.31,76,0,2.06,MX,1706754789
162,tura,25.5198,90.2201,20.75,44,0,0.14,IN,1706755334
163,buta,2.7858,24.73,20.08,51,79,0.48,CD,1706755334
164,mount gambier,-37.8333,140.7667,23.49,43,0,5.34,AU,1706755335
165,kodiak,57.79,-152.4072,-3.27,68,40,3.09,US,1706755335
166,miyako,39.6367,141.9525,4.1,46,10,5.7,JP,1706755336
167,acapulco de juarez,16.8634,-99.8901,27.9,74,20,5.66,MX,1706755191
168,gaiman,-43.2897,-65.4929,26.18,34,22,4.37,AR,1706755337
169,avarua,-21.2078,-159.775,28.03,74,100,1.03,CK,1706755338
170,saskatoon,52.1168,-106.6345,0.99,80,40,3.6,CA,1706755067
171,brookings,44.3114,-96.7984,1.88,98,86,1.46,US,1706755130
172,port lincoln,-34.7333,135.8667,21.94,57,0,5.61,AU,1706755064
173,walvis bay,-22.9575,14.5053,18.53,94,93,0.0,NA,1706755340
174,sisimiut,66.9395,-53.6735,-22.66,98,98,5.88,GL,1706755341
175,hiratacho,35.4333,132.8167,8.01,93,75,2.06,JP,1706755342
176,aykhal,66.0,111.5,-25.01,100,96,2.51,RU,1706755343
177,fiambala,-27.6871,-67.6149,25.59,47,100,0.62,AR,1706755343
178,cockburn town,21.4612,-71.1419,23.48,61,2,1.27,TC,1706755344
179,papatowai,-46.5619,169.4708,11.75,88,100,1.81,NZ,1706755344
180,klyuchi,52.2667,79.1667,-12.48,92,64,3.41,RU,1706755345
181,juneau,58.3019,-134.4197,-0.88,97,100,3.09,US,1706755345
182,patterson,37.4716,-121.1297,15.97,76,100,8.75,US,1706755346
183,nikolayevsk-on-amure,53.1406,140.73,-19.3,83,100,3.31,RU,1706755346
184,dhamnod,22.2167,75.4667,20.86,46,83,1.27,IN,1706755347
185,acarau,-2.8856,-40.12,26.87,86,100,4.73,BR,1706755119
186,vilyuysk,63.7553,121.6247,-27.22,98,100,1.79,RU,1706755348
187,magadan,59.5667,150.8,-21.93,78,54,3.16,RU,1706754860
188,port alfred,-33.5906,26.891,20.1,95,100,2.24,ZA,1706755349
189,jayapura,-2.5333,140.7,31.66,72,96,4.49,ID,1706755350
190,port saint john's,-31.6229,29.5448,22.01,88,98,5.28,ZA,1706755350
191,nayoro,44.3506,142.4578,-7.7,79,100,4.47,JP,1706755351
192,greymouth,-42.4667,171.2,18.45,67,97,2.34,NZ,1706755351
193,saint-philippe,-21.3585,55.7679,23.77,88,96,6.81,RE,1706755352
194,keita,14.7551,5.7749,17.49,23,6,4.91,NE,1706755352
195,uige,-7.6087,15.0613,18.79,95,100,0.8,AO,1706755353
196,ust'-ilimsk,58.0006,102.6619,-32.53,98,56,0.89,RU,1706755093
197,kapit,2.0167,112.9333,29.64,75,100,0.12,MY,1706755354
198,as saffaniyah,27.9708,48.73,17.96,65,67,5.87,SA,1706755355
199,ermenek,36.6404,32.8918,-5.11,92,99,2.76,TR,1706755355
200,swakopmund,-22.6833,14.5333,18.47,87,91,0.89,NA,1706755356
201,gadzhiyevo,69.2551,33.3362,-0.15,92,100,11.82,RU,1706755356
202,tiruppur,11.1,77.35,24.64,73,59,0.83,IN,1706755357
203,dubinino,55.6192,89.0911,-10.92,91,99,1.68,RU,1706755357
204,tual,-5.6667,132.75,28.81,77,73,7.85,ID,1706755358
205,charo,19.75,-101.05,18.51,42,75,1.54,MX,1706755358
206,tazovsky,67.4667,78.7,-20.49,97,95,5.66,RU,1706755359
207,kralendijk,12.15,-68.2667,26.99,83,53,4.63,BQ,1706755351
208,argo,37.6333,22.7333,6.55,61,2,1.81,GR,1706755360
209,puerto armuelles,8.2833,-82.8667,28.99,59,42,0.45,PA,1706755361
210,vidyayevo,69.3191,32.8049,0.14,91,100,10.8,RU,1706755361
211,tamanrasset,22.785,5.5228,9.95,23,0,8.23,DZ,1706755362
212,kourou,5.1552,-52.6478,27.03,79,89,4.58,GF,1706755362
213,adre,13.4667,22.2,15.19,28,62,8.0,TD,1706755363
214,pedregal,8.3667,-82.4333,29.05,54,20,4.63,PA,1706755363
215,coquimbo,-29.9533,-71.3436,17.85,88,0,3.09,CL,1706755364
216,ribeira grande,38.5167,-28.7,15.99,86,65,7.15,PT,1706755364
217,gizo,-8.103,156.8419,29.42,74,22,5.02,SB,1706755365
218,las khorey,11.1595,48.1967,23.83,79,95,0.74,SO,1706755365
219,tyukhtet,56.5389,89.3011,-17.37,95,98,1.96,RU,1706755366
220,guerrero negro,27.9769,-114.0611,18.15,64,0,4.81,MX,1706754760
221,arraial do cabo,-22.9661,-42.0278,25.25,90,100,0.23,BR,1706755367
222,swift current,50.2834,-107.8014,4.45,87,0,6.17,CA,1706755367
223,marsa alam,25.0757,34.8918,13.56,43,0,6.79,EG,1706755368
224,pacific grove,36.6177,-121.9166,13.82,90,100,3.13,US,1706755369
225,juye,35.3947,116.0883,-1.5,62,100,4.65,CN,1706755369
226,paita,-5.0892,-81.1144,24.71,80,100,4.87,PE,1706755370
227,champerico,14.3,-91.9167,26.81,76,72,1.89,GT,1706755370
228,isiro,2.7739,27.616,18.83,47,100,1.21,CD,1706755371
229,darwin,-12.4611,130.8418,31.7,77,100,5.45,AU,1706754578
230,angaur state,6.906,134.13,27.43,82,89,9.53,PW,1706755372
231,gwadar,25.1216,62.3254,21.31,36,0,4.21,PK,1706755373
232,zhangjiajie,29.1294,110.4783,5.8,93,100,2.15,CN,1706755373
233,yemetsk,63.4721,41.7941,-1.21,94,100,4.31,RU,1706755374
234,paragominas,-2.9667,-47.4833,22.73,99,52,1.15,BR,1706755374
235,tindouf,27.6711,-8.1474,11.25,46,0,2.06,DZ,1706754848
236,pakse,15.1167,105.7833,27.08,65,45,5.14,LA,1706755375
237,gillette,44.2911,-105.5022,6.73,53,0,3.09,US,1706755376
238,dudinka,69.4058,86.1778,-20.18,84,87,9.39,RU,1706755376
239,zymohiria,48.5857,38.9273,0.82,69,100,3.83,UA,1706755377
240,polyarnyy,69.1989,33.4478,0.14,91,100,12.14,RU,1706755377
241,peniche,39.3558,-9.3811,12.47,93,2,3.05,PT,1706755378
242,nizhniy odes,63.6445,54.856,-10.88,90,99,3.39,RU,1706755378
243,komatipoort,-25.4332,31.9548,21.7,97,9,1.95,ZA,1706755379
244,iskateley,67.6803,53.1512,0.01,93,100,9.39,RU,1706754829
245,brokopondo,4.75,-55.1667,24.74,81,32,4.96,SR,1706755380
246,little falls,40.869,-74.2082,2.87,85,100,1.54,US,1706755380
247,georgetown,5.4112,100.3354,29.97,65,20,5.66,MY,1706755381
248,fort mcmurray,56.7268,-111.381,5.77,65,20,3.6,CA,1706755382
249,paracuru,-3.41,-39.0306,28.95,85,64,3.75,BR,1706755383
250,kalmunai,7.4167,81.8167,26.37,82,91,0.78,LK,1706755384
251,fale old settlement,-9.3852,-171.2468,27.47,82,99,5.06,TK,1706755384
252,hithadhoo,-0.6,73.0833,27.86,76,69,4.65,MV,1706755385
253,alofi,-19.0595,-169.9187,28.94,84,75,3.09,NU,1706755385
254,sur,22.5667,59.5289,24.21,64,65,2.67,OM,1706755386
255,weiser,44.251,-116.9693,12.7,77,100,2.56,US,1706755386
256,isangel,-19.55,169.2667,29.06,84,75,2.06,VU,1706755387
257,grajewo,53.6473,22.4554,2.81,89,88,7.38,PL,1706755387
258,anadyr,64.75,177.4833,-21.72,71,40,8.0,RU,1706755388
259,mezhdurechenskiy,59.6,65.9333,-16.57,100,100,1.06,RU,1706755388
260,el calafate,-50.3408,-72.2768,10.65,76,23,3.01,AR,1706755389
261,anori,-3.7728,-61.6442,24.98,94,100,1.17,BR,1706755389
262,at-bashi,41.1702,75.8106,-17.36,84,88,0.92,KG,1706755390
263,sidney,-33.8679,151.2073,30.19,64,75,4.63,AU,1706755117
264,marion,39.7684,-86.1555,3.65,85,0,3.09,US,1706755391
265,mugia,43.1041,-9.2179,10.09,75,70,3.76,ES,1706755391
266,wynyard,-41.0,145.7167,17.41,79,100,6.89,AU,1706755392
267,kristiansund,63.1115,7.732,3.36,52,75,19.55,NO,1706755392
268,cabedelo,-6.9811,-34.8339,25.37,74,3,3.48,BR,1706755393
269,puerto del rosario,28.5004,-13.8627,20.86,60,0,6.69,ES,1706755393
270,palikir - national government center,6.9248,158.1611,29.41,70,100,4.12,FM,1706755394
271,la ronge,55.1001,-105.2842,2.14,80,20,3.6,CA,1706755394
272,susuman,62.7833,148.1667,-25.57,99,100,0.89,RU,1706755395
273,pavlodar,52.3,76.95,-15.11,85,75,5.0,KZ,1706755395
274,rameswaram,9.2833,79.3,26.95,79,86,3.29,IN,1706755395
275,sorong,-0.8833,131.25,28.47,75,29,1.44,ID,1706755396
276,margate,51.3813,1.3862,10.49,87,99,3.13,GB,1706755396
277,ostersund,63.1792,14.6357,2.25,55,44,14.92,SE,1706755392
278,neyriz,29.1988,54.3278,6.56,67,3,2.77,IR,1706755397
279,bima,-8.4667,118.7167,32.79,57,67,0.96,ID,1706755398
280,zag,46.9441,99.165,-21.55,95,64,1.06,MN,1706755398
281,pascagoula,30.3658,-88.5561,13.02,92,0,0.0,US,1706755399
282,alice springs,-23.7,133.8833,34.56,13,3,7.2,AU,1706755400
283,pemba,-12.974,40.5178,24.39,94,75,1.54,MZ,1706755400
284,wailua homesteads,22.0669,-159.378,25.44,64,100,2.06,US,1706755315
285,bandar-e lengeh,26.5579,54.8807,20.06,88,32,2.06,IR,1706755401
286,mazatlan,23.2167,-106.4167,23.28,82,40,2.06,MX,1706755266
287,vadso,70.0744,29.7487,-0.91,93,100,7.72,NO,1706755402
288,nemuro,43.3236,145.575,-3.22,53,14,14.19,JP,1706755403
289,lorengau,-2.0226,147.2712,29.55,74,62,6.62,PG,1706755403
290,qamdo,31.1667,97.2333,-8.85,39,78,3.38,CN,1706755403
291,baker city,44.7749,-117.8344,7.58,78,100,2.42,US,1706755404
292,udachny,66.4167,112.4,-30.03,100,93,1.6,RU,1706755404
293,azare,11.6765,10.1948,16.72,25,1,3.93,NG,1706755405
294,karayazi,39.7028,42.1456,-17.55,79,99,2.05,TR,1706755405
295,homer,59.6425,-151.5483,-10.07,72,0,0.0,US,1706755406
296,touros,-5.1989,-35.4608,26.87,76,11,5.57,BR,1706755406
297,rurrenabaque,-14.4413,-67.5278,23.07,98,91,0.37,BO,1706755407
298,belyy yar,53.6039,91.3903,-21.06,92,99,0.0,RU,1706755407
299,roberval,48.5168,-72.2324,-1.65,86,100,5.66,CA,1706755244
300,shiyan,32.6475,110.7781,1.74,79,100,4.53,CN,1706755409
301,banket,-17.3833,30.4,16.47,87,49,1.77,ZW,1706755409
302,castillos,-34.1667,-53.8333,19.93,83,0,2.36,UY,1706754855
303,enewetak,11.3474,162.3373,26.68,79,47,10.2,MH,1706755410
304,malvan,16.0667,73.4667,22.51,72,16,2.58,IN,1706755411
305,miquelon,47.0975,-56.3814,-4.0,69,0,8.49,PM,1706755411
306,soresina,45.2865,9.857,6.85,84,0,2.59,IT,1706755412
307,nortelandia,-14.4547,-56.8028,24.08,87,69,1.85,BR,1706755412
308,quinte west,44.1834,-77.5662,2.73,91,75,4.12,CA,1706755413
309,campbell river,50.0163,-125.2446,11.44,100,100,5.14,CA,1706755413
310,saint-jean-de-monts,46.7833,-2.0667,10.92,92,100,3.85,FR,1706755414
311,santarem,-2.4431,-54.7083,28.07,83,40,1.54,BR,1706755414
312,piti village,13.4626,144.6933,30.49,68,40,8.23,GU,1706755415
313,saudarkrokur,65.7461,-19.6394,-7.76,87,92,6.75,IS,1706755415
314,queenstown,-31.8976,26.8753,18.76,75,48,0.73,ZA,1706755416
315,nechi,8.0942,-74.7757,25.0,88,70,0.67,CO,1706755416
316,villanueva,15.3167,-88.0,20.58,94,100,1.54,HN,1706755295
317,shinas,24.7433,56.4658,23.14,71,31,2.67,OM,1706755417
318,inhambupe,-11.7844,-38.3531,21.43,95,0,1.79,BR,1706755417
319,gaspe,48.8334,-64.4819,-3.05,74,100,1.54,CA,1706755418
320,machico,32.7,-16.7667,19.35,85,40,2.57,PT,1706755418
321,rio grande,-32.035,-52.0986,21.31,80,0,4.26,BR,1706755419
322,labrador city,52.9463,-66.9114,-23.05,59,0,3.09,CA,1706755419
323,alo,7.4178,6.7371,25.2,30,83,0.98,NG,1706755420
324,changping,40.2186,116.2197,-5.2,30,100,2.1,CN,1706755420
325,novo aripuana,-5.1206,-60.3797,24.45,97,100,0.87,BR,1706755421
326,krasyliv,49.6519,26.9725,0.51,94,100,2.64,UA,1706755421
327,coronel dorrego,-38.7187,-61.2873,23.19,73,23,5.2,AR,1706755422
328,kenai,60.5544,-151.2583,-19.95,83,0,1.54,US,1706755422
329,kuta,-8.7233,115.1723,30.0,70,20,3.13,ID,1706755423
330,altay,47.8667,88.1167,-11.91,78,95,2.37,CN,1706755423
331,lihue,21.9789,-159.3672,25.77,63,100,2.06,US,1706755128
332,el granada,37.5027,-122.4694,13.3,93,75,14.92,US,1706754834
333,inhambane,-23.865,35.3833,24.29,86,4,3.65,MZ,1706755425
334,igarka,67.4667,86.5833,-18.62,95,98,8.23,RU,1706754830
335,port isabel,26.0734,-97.2086,17.25,82,0,4.12,US,1706755425
336,lundazi,-12.2929,33.1782,17.5,92,100,1.82,ZM,1706755426
337,piton saint-leu,-21.2196,55.3151,24.04,94,100,3.6,RE,1706755426
338,sacaba,20.5833,-89.9833,16.8,83,18,1.27,MX,1706755427
339,gimbi,9.1667,35.8333,14.58,62,82,0.29,ET,1706755427
340,belmonte,-15.8631,-38.8828,24.55,86,100,2.32,BR,1706755428
341,daru,-9.0763,143.2092,31.78,62,62,3.94,PG,1706755428
342,tucurui,-3.7661,-49.6725,23.92,97,49,1.57,BR,1706755429
343,rio bueno,-40.3167,-72.9667,15.62,86,2,0.33,CL,1706755429
344,baise city,23.8997,106.6133,22.11,76,82,1.29,CN,1706755430
345,auki,-8.7676,160.7034,29.08,75,28,4.45,SB,1706755430
346,sola,-13.8833,167.55,28.74,75,29,4.36,VU,1706755431
347,prakhon chai,14.6059,103.1208,31.38,43,30,2.94,TH,1706755431
348,nadym,65.5333,72.5167,-21.67,99,75,4.58,RU,1706755432
349,minot air force base,48.4209,-101.3391,2.77,83,0,1.54,US,1706755432
350,bridgewater,44.3835,-64.5155,-3.21,86,35,2.57,CA,1706755314
351,muli,2.9167,73.5667,27.56,75,18,3.61,MV,1706755433
352,lerwick,60.1545,-1.1494,5.0,70,63,17.97,GB,1706755434
353,mata-utu,-13.2816,-176.1745,29.33,77,100,4.82,WF,1706755434
354,rio tercero,-32.173,-64.1141,23.03,50,0,3.09,AR,1706755435
355,kamiiso,41.8167,140.65,-6.79,86,75,7.2,JP,1706755435
356,labuan,5.2767,115.2417,30.2,74,20,2.06,MY,1706755435
357,farim,12.4839,-15.2217,21.28,55,99,0.92,GW,1706755436
358,luanda,-8.8368,13.2343,25.0,89,75,1.03,AO,1706755436
359,codrington,-38.2667,141.9667,22.99,49,0,8.56,AU,1706755437
360,fray luis beltran,-39.3167,-65.7667,29.49,16,25,2.81,AR,1706755437
361,zhezqazghan,47.7833,67.7667,-7.68,93,100,11.0,KZ,1706755438
362,talakan,50.3167,130.3667,-20.8,87,99,2.35,RU,1706755439
363,khanty-mansiysk,61.0042,69.0019,-9.94,85,40,3.0,RU,1706755439
364,calapan,13.4117,121.1803,27.28,78,90,3.66,PH,1706755440
365,klaksvik,62.2266,-6.589,3.51,62,24,16.96,FO,1706755440
366,eyl,7.9803,49.8164,22.14,85,99,3.79,SO,1706755441
367,suva,-18.1416,178.4415,31.71,70,40,2.57,FJ,1706755441
368,tolanaro,-25.0319,46.9987,23.78,87,100,6.0,MG,1706755439
369,ujae,8.9322,165.7642,26.92,84,100,10.04,MH,1706755442
370,ayorou,14.7308,0.9174,19.57,21,55,5.45,NE,1706755442
371,galliano,29.4422,-90.2992,13.89,65,100,2.74,US,1706755443
372,ketchikan,55.3422,-131.6461,10.26,87,100,6.69,US,1706755444
373,nuuk,64.1835,-51.7216,-8.66,73,100,4.63,GL,1706755421
374,jwaneng,-24.6004,24.7303,18.16,66,33,4.84,BW,1706755444
375,cidreira,-30.1811,-50.2056,21.95,83,17,3.17,BR,1706755445
376,neiafu,-18.65,-173.9833,30.38,84,75,4.63,TO,1706755446
377,dobrany,49.6548,13.2931,8.18,88,100,5.36,CZ,1706755446
378,natal,-5.795,-35.2094,25.36,88,20,3.09,BR,1706755234
379,kodinsk,58.6881,99.1844,-27.45,98,68,0.82,RU,1706755436
380,kogalym,62.2654,74.4791,-14.25,95,100,5.43,RU,1706755448
381,quellon,-43.1167,-73.6167,15.26,94,23,3.61,CL,1706755448
382,jinghong,21.991,100.7341,21.28,38,2,1.04,CN,1706755449
383,gasa,31.5,34.4667,9.64,68,19,4.49,PS,1706755210
384,choibalsan,48.0667,114.5,-23.03,76,1,2.62,MN,1706755450
385,yerofey pavlovich,53.9667,121.9667,-17.77,70,37,1.5,RU,1706755450
386,farafangana,-22.8167,47.8333,24.45,90,100,4.73,MG,1706755451
387,turaif,31.6725,38.6637,3.14,100,75,2.57,SA,1706755451
388,carolina beach,34.0352,-77.8936,7.26,81,7,0.45,US,1706755452
389,san matias,-16.3667,-58.4,26.45,67,43,1.34,BO,1706755452
390,happy valley-goose bay,53.3168,-60.3315,-16.83,55,20,6.69,CA,1706755453
391,oum hadjer,13.2954,19.6966,18.07,25,4,4.9,TD,1706755453
392,plouay,47.9167,-3.3333,11.83,100,100,4.12,FR,1706755454
393,bowen,-20.0167,148.2333,28.19,74,100,2.6,AU,1706755454
394,namibe,-15.1961,12.1522,24.33,89,92,2.52,AO,1706755455
395,luanco,43.6152,-5.7934,11.71,97,85,2.23,ES,1706755455
396,koryazhma,61.3143,47.1691,-10.05,95,30,2.43,RU,1706755455
397,genhe,50.7833,121.5167,-23.93,86,57,1.72,CN,1706755456
398,leninskoye,41.7589,69.3864,-1.64,91,100,5.94,KZ,1706755456
399,camana,-16.6228,-72.7111,22.4,84,100,2.66,PE,1706755457
400,sassandra,4.95,-6.0833,26.29,90,10,3.2,CI,1706755458
401,revda,56.801,59.9303,-16.32,100,100,1.39,RU,1706755459
402,dryden,49.7833,-92.7503,4.16,81,100,3.6,CA,1706755459
403,tamandare,-8.7597,-35.1047,25.45,85,36,1.41,BR,1706755399
404,aioun,16.6614,-9.6149,19.58,13,100,5.03,MR,1706755460
405,inegol,40.0781,29.5133,-1.4,90,61,1.51,TR,1706755460
406,male,4.1748,73.5089,26.97,94,40,1.54,MV,1706755461
407,uliastay,47.7417,96.8444,-18.29,91,25,1.74,MN,1706755462
408,loukhi,66.0764,33.0381,1.23,91,100,8.2,RU,1706755462
409,saint-denis,48.9167,2.3333,10.43,83,75,5.14,FR,1706755463
410,nova odesa,47.3078,31.7851,0.33,66,45,3.15,UA,1706755463
411,bamboo flat,11.7,92.7167,29.05,74,20,2.06,IN,1706755464
412,kailua-kona,19.6406,-155.9956,27.98,78,40,4.12,US,1706755375
413,garbahaarrey,3.3289,42.2209,24.0,76,94,4.08,SO,1706755465
414,sete,43.4018,3.6966,7.15,76,1,3.98,FR,1706755465
415,camabatela,-8.1881,15.375,16.53,96,100,0.53,AO,1706755466
416,egilsstadir,65.2653,-14.3948,-3.05,63,40,7.72,IS,1706755466
417,beloyarskiy,63.7119,66.6722,-26.67,100,100,1.34,RU,1706755467
418,port augusta,-32.5,137.7667,28.63,26,0,5.94,AU,1706755467
419,paphos,34.7667,32.4167,8.88,87,97,4.63,CY,1706755468
420,lubang,13.8584,120.124,26.48,78,65,9.2,PH,1706755468
421,quesnel,52.9999,-122.5029,12.28,58,100,4.12,CA,1706755469
422,chiriguana,9.3624,-73.6031,29.05,57,98,0.54,CO,1706755469
423,priladozhskiy,59.85,31.4833,1.51,91,100,6.3,RU,1706755470
424,northam,51.0333,-4.2167,7.44,90,100,3.88,GB,1706755470
425,broome,42.2506,-75.833,1.61,89,100,2.57,US,1706755471
426,porto empedocle,37.2934,13.5264,7.17,51,34,2.05,IT,1706755471
427,lazaro cardenas,17.9583,-102.2,25.97,77,100,0.74,MX,1706755197
428,holmsund,63.706,20.3641,1.97,86,0,8.05,SE,1706755472
429,basco,20.4487,121.9702,24.4,69,50,7.91,PH,1706755472
430,ustyuzhna,58.8394,36.4321,0.67,99,100,3.74,RU,1706755473
431,kvissleby,62.2936,17.375,2.91,58,58,8.42,SE,1706755474
432,santa isabel,-23.3156,-46.2214,19.42,92,86,0.13,BR,1706755474
433,fortuna,40.5982,-124.1573,10.37,91,100,8.23,US,1706755239
434,nuku'alofa,-21.1333,-175.2,29.19,84,75,3.09,TO,1706755476
435,hadibu,12.65,54.0333,23.6,82,46,2.78,YE,1706755477
436,sinabang,2.4803,96.3801,28.87,72,92,0.3,ID,1706755477
437,melo,-32.3667,-54.1833,21.69,59,4,2.51,UY,1706755478
438,hanceville,34.0607,-86.7675,6.42,84,0,1.98,US,1706755478
439,nabire,-3.3667,135.4833,30.6,67,41,2.87,ID,1706755365
440,kolonia town,6.964,158.206,30.0,70,100,4.12,FM,1706755479
441,tigpalay,7.4939,122.3431,28.3,70,100,2.02,PH,1706755479
442,kikvidze,50.7416,43.0518,-3.57,92,100,3.99,RU,1706755480
443,bandarbeyla,9.4942,50.8122,23.47,82,84,3.81,SO,1706755480
444,labytnangi,66.6572,66.4183,-18.79,98,100,3.83,RU,1706755481
445,mejit,10.2753,170.8646,26.91,84,100,8.22,MH,1706755481
446,harper,4.375,-7.7169,27.13,79,33,2.32,LR,1706755482
447,luderitz,-26.6481,15.1594,20.3,71,57,7.71,NA,1706755482
448,vradiyivka,47.862,30.5919,-0.43,69,53,3.13,UA,1706755483
449,kamenka,51.3223,42.7678,-3.63,93,100,3.76,RU,1706755483
450,zakynthos,37.7914,20.8953,3.69,47,0,2.89,GR,1706755484
451,prince george,53.9166,-122.753,11.69,58,100,7.2,CA,1706755485
452,sungai raya,0.7,108.9,25.85,90,100,2.2,ID,1706755485
453,mikun',62.3547,50.0771,-11.63,96,41,2.48,RU,1706755486
454,hammerfest,70.6634,23.6821,-0.75,86,100,7.2,NO,1706755461
455,al burayqah,30.4062,19.5739,14.38,48,88,5.95,LY,1706755487
456,tanjung pandan,-2.75,107.65,29.28,69,98,2.83,ID,1706755488
457,chhabra,24.6667,76.8333,19.22,53,70,2.08,IN,1706755488
458,qarqin,37.4185,66.0436,1.95,55,95,1.67,AF,1706755488
459,gubden,42.5681,47.5658,-7.8,57,58,1.67,RU,1706755489
460,kone,-21.0595,164.8658,28.97,74,88,0.41,NC,1706755490
461,estancia,-11.2683,-37.4383,23.16,91,3,0.26,BR,1706755490
462,gurgentepe,40.7883,37.6017,-6.06,88,99,1.34,TR,1706755490
463,gorontalo,0.5412,123.0595,30.79,68,100,1.23,ID,1706755491
464,saint-joseph,-21.3667,55.6167,23.21,88,87,6.99,RE,1706755491
465,carmo do cajuru,-20.1842,-44.7711,19.23,88,100,0.9,BR,1706755492
466,katsuren-haebaru,26.3369,127.8719,25.43,72,75,4.63,JP,1706755492
467,san clemente del tuyu,-36.3569,-56.7235,23.47,81,0,4.68,AR,1706755493
468,atasu,48.6814,71.6433,-7.9,91,99,7.01,KZ,1706755493
469,urangan,-25.3,152.9,29.0,75,70,5.36,AU,1706755494
470,miyaly,48.8844,53.7836,-12.19,96,38,2.31,KZ,1706755495
471,missoula,47.0166,-113.8009,3.43,66,20,1.2,US,1706755495
472,itaituba,-4.2761,-55.9836,25.34,89,100,1.14,BR,1706755496
473,bac lieu,9.285,105.7244,28.35,67,96,6.2,VN,1706755496
474,talara,-4.5772,-81.2719,26.42,78,75,6.69,PE,1706755497
475,galveston,29.3669,-94.9669,17.06,81,0,2.06,US,1706755420
476,vorkuta,67.5,64.0,-10.12,96,100,6.92,RU,1706755497
477,byron bay,-28.65,153.6167,27.06,60,78,4.96,AU,1706755498
478,kosong,38.3788,128.4676,0.27,95,100,6.28,KR,1706755498
479,akureyri,65.6835,-18.0878,-5.04,58,0,1.54,IS,1706755369
480,altai,46.3722,96.2583,-16.66,74,96,0.98,MN,1706755499
481,faranah,10.0404,-10.7434,22.01,24,45,2.15,GN,1706755500
482,tateyama,34.9833,139.8667,13.96,65,78,3.82,JP,1706755500
483,mar del plata,-38.0023,-57.5575,26.01,50,0,3.09,AR,1706755204
484,ta`u,-14.2336,-169.5144,28.99,67,100,0.75,AS,1706755501
485,bubaque,11.2833,-15.8333,25.64,74,86,2.93,GW,1706755502
486,port blair,11.6667,92.75,29.02,74,20,2.06,IN,1706755503
487,jaisalmer,26.9147,70.9181,18.11,30,0,1.96,IN,1706755504
488,lethem,3.3803,-59.7968,27.18,72,100,4.89,GY,1706755504
489,mahibadhoo,3.7833,72.9667,27.54,73,73,3.1,MV,1706755505
490,oruro,-17.9833,-67.15,10.55,66,10,6.48,BO,1706755506
491,badiyah,22.45,58.8,20.91,68,24,1.44,OM,1706755506
492,ayancik,41.9447,34.5861,4.91,67,61,1.42,TR,1706755507
493,olyokminsk,60.3736,120.4264,-20.66,90,100,2.59,RU,1706755508
494,duck lake,52.8168,-106.2344,-3.48,90,100,2.66,CA,1706755508
495,ust'-kut,56.7938,105.7672,-25.16,95,97,0.26,RU,1706755509
496,ancud,-41.8697,-73.8203,14.98,96,12,3.66,CL,1706755509
497,trairi,-3.2778,-39.2689,26.82,83,71,3.29,BR,1706755216
498,kirakira,-10.4544,161.9205,29.67,76,85,6.03,SB,1706755511
499,pembroke,45.8168,-77.1162,1.21,84,100,2.95,CA,1706755324
500,nakhon thai,17.1006,100.8374,29.76,45,1,1.62,TH,1706755512
501,naze,28.3667,129.4833,21.51,79,19,6.98,JP,1706755513
502,chernyshkovskiy,48.4219,42.2308,-3.62,90,96,3.11,RU,1706755514
503,nalut,30.3333,10.85,6.4,66,2,3.18,LY,1706755515
504,san jose de ocoa,18.55,-70.5,19.39,93,27,1.06,DO,1706755516
505,lisala,2.15,21.5167,20.88,68,100,0.61,CD,1706755516
506,minas de marcona,-15.2119,-75.1103,18.36,80,93,3.94,PE,1706755411
507,highfields,-27.4518,151.9463,26.87,58,0,5.2,AU,1706755517
508,santa maria,-29.6842,-53.8069,19.61,88,0,1.54,BR,1706755329
509,fenghua,29.6563,121.4064,11.94,87,100,4.0,CN,1706755518
510,leticia,-4.2153,-69.9406,24.03,100,40,0.0,CO,1706755519
511,poso,-1.3959,120.7524,30.68,63,100,2.15,ID,1706755519
512,kashima,33.1061,130.0906,12.11,94,100,1.36,JP,1706755520
513,barguzin,53.6167,109.6167,-22.86,83,27,1.0,RU,1706755520
514,menongue,-14.6585,17.691,16.83,96,100,1.04,AO,1706755521
515,nianzishan,47.5167,122.8833,-16.24,55,0,2.83,CN,1706755521
516,xiaoweizhai,26.1903,107.5125,15.68,90,100,1.42,CN,1706755522
517,hamilton,39.1834,-84.5333,4.43,84,100,2.57,US,1706755522
518,lompoc,34.6391,-120.4579,15.99,81,100,7.2,US,1706755523
519,rouissat,31.9243,5.3502,6.04,70,0,1.54,DZ,1706755523
520,lodeynoye pole,60.726,33.5531,1.4,98,100,4.98,RU,1706755524
521,kapuskasing,49.4169,-82.4331,1.05,93,100,4.63,CA,1706755384
522,sao lourenco da mata,-8.0022,-35.0183,27.69,74,75,2.57,BR,1706755525
523,komotini,41.1228,25.3964,1.05,61,0,2.05,GR,1706755526
524,palo santo,-25.5633,-59.3378,27.06,46,0,2.46,AR,1706755526
525,kwekwe,-18.9281,29.8149,15.31,90,13,2.85,ZW,1706755527
526,tvarditsa,42.7,25.9,-4.29,45,0,0.93,BG,1706755527
527,mandalgarh,25.2,75.1,17.77,62,13,2.32,IN,1706755528
528,ghat,24.9647,10.1728,6.94,55,0,1.59,LY,1706755529
529,tarbes,43.25,0.1667,5.32,87,0,3.09,FR,1706755529
530,pachino,36.7186,15.0907,9.62,65,16,1.72,IT,1706755529
531,cumana,10.4635,-64.1775,25.64,86,83,3.34,VE,1706755530
532,parbatipur,25.6649,88.9247,19.63,48,0,3.53,BD,1706755530
533,mega,4.05,38.3,16.19,57,100,2.59,ET,1706755531
534,villamontes,-21.25,-63.5,27.81,43,100,1.79,BO,1706755531
535,ivdel',60.6911,60.4206,-16.01,99,90,1.34,RU,1706755532
536,fisterra,42.9049,-9.2629,10.01,71,57,3.33,ES,1706755532
537,valparaiso,-33.0393,-71.6273,19.15,77,20,1.03,CL,1706755533
538,vetluga,57.8557,45.781,-7.63,98,96,2.13,RU,1706755533
539,saint-francois,46.4154,3.9054,8.69,100,100,1.03,FR,1706755534
540,tocoa,15.6833,-86.0,20.69,99,100,0.09,HN,1706755534
541,krasnaya yaruga,50.8008,35.6583,-1.28,92,99,4.06,RU,1706755535
542,hadleigh,51.5527,0.6098,10.25,79,99,3.13,GB,1706755535
543,gaalkacyo,6.7697,47.4308,19.48,88,97,4.65,SO,1706755536
544,lospalos,-8.5186,127.0025,31.19,56,16,0.59,TL,1706755536
545,san angelo,31.4638,-100.437,14.94,49,0,3.6,US,1706755277
546,west valley,46.5921,-120.6051,7.4,96,100,0.45,US,1706755537
547,erenhot,43.6475,111.9767,-18.55,67,100,4.08,CN,1706755538
548,salalah,17.0151,54.0924,24.05,83,75,1.54,OM,1706755538
549,hilo,19.7297,-155.09,26.25,70,75,2.06,US,1706755491
550,monetnyy,57.0472,60.8794,-8.32,100,96,1.68,RU,1706755539
551,nar'yan-mar,67.6713,53.087,0.06,93,100,9.39,RU,1706755540
552,bunia,1.5667,30.25,20.32,51,100,1.21,CD,1706755540
553,toliara,-23.35,43.6667,25.97,65,3,4.47,MG,1706755541
554,nha trang,12.25,109.1833,28.0,68,86,1.51,VN,1706755541
555,emerald,-23.5333,148.1667,31.3,46,31,7.28,AU,1706755542
556,charkhi dadri,28.6,76.2667,12.95,91,5,6.45,IN,1706755542
557,noumea,-22.2763,166.4572,32.99,69,34,6.65,NC,1706755210
558,volodarskiy,46.4013,48.5409,-4.03,99,86,2.41,RU,1706755544
559,sao geraldo do araguaia,-6.4006,-48.555,23.69,95,94,0.73,BR,1706755321
560,crane,31.3974,-102.3501,14.99,41,100,5.06,US,1706755545
561,kinkala,-4.3614,14.7644,21.15,96,100,0.78,CG,1706755545
562,ataq,14.5377,46.8319,16.34,50,73,4.33,YE,1706755545
563,basotu,-4.3667,35.0833,15.07,96,79,1.77,TZ,1706755546
564,ad dawadimi,24.5077,44.3924,10.64,22,0,4.79,SA,1706755547
565,dekina,7.6948,7.0222,24.77,26,85,1.9,NG,1706755547
566,tsiombe,-25.3,45.4833,23.58,79,64,6.95,MG,1706755548
567,ouarzazat,30.9189,-6.8934,8.16,36,0,1.03,MA,1706755548
568,kerikeri,-35.2268,173.9474,27.18,38,0,1.3,NZ,1706755549
569,manokwari,-0.8667,134.0833,28.27,76,79,2.05,ID,1706755549
570,constitucion,-35.3333,-72.4167,16.2,75,0,6.14,CL,1706755550
571,zaozersk,69.4005,32.4476,-0.36,91,100,9.65,RU,1706755550
572,praia da vitoria,38.7333,-27.0667,15.42,94,75,4.06,PT,1706755551
573,nurabad,34.0734,47.9725,-0.71,86,32,1.04,IR,1706755552
574,le port,-20.9373,55.2919,25.98,81,7,1.77,RE,1706755552
575,smara,26.7384,-11.6719,15.43,34,20,4.68,EH,1706755553
576,yeed,4.55,43.0333,22.81,53,98,3.95,SO,1706755553
577,xining,36.6167,101.7667,-4.24,66,84,0.57,CN,1706755554
578,buka,40.8108,69.1986,0.44,65,100,1.93,UZ,1706755554
579,saki,8.6667,3.3833,24.5,22,46,2.73,NG,1706755555
580,planeta rica,8.4147,-75.5883,25.42,85,80,3.91,CO,1706755555
581,kaniv,49.7518,31.46,1.18,88,89,3.41,UA,1706755556
582,kharabali,47.4196,47.2568,-5.15,100,100,3.72,RU,1706755556
583,balakhta,55.38,91.6,-18.7,96,100,0.47,RU,1706755557
584,berezovyy,51.6667,135.7,-17.75,75,100,0.61,RU,1706755557
